repetition_index,mode,operation,operations,gross_bytes,allocations,bytes_per_operation,allocations_per_operation
1,off,insert,20000,6148144,142056,307.407200,7.102800
1,listener,insert,20000,13613472,208450,680.673600,10.422500
1,observer,insert,20000,6154360,142059,307.718000,7.102950
1,off,remove,20000,45106032,23724,2255.301600,1.186200
1,listener,remove,20000,58461912,209871,2923.095600,10.493550
1,observer,remove,20000,45108272,23732,2255.413600,1.186600
2,listener,insert,20000,13618592,208450,680.929600,10.422500
2,observer,insert,20000,6175032,142067,308.751600,7.103350
2,off,remove,20000,45116560,23736,2255.828000,1.186800
2,listener,remove,20000,58477200,209868,2923.860000,10.493400
2,observer,remove,20000,45114512,23736,2255.725600,1.186800
2,off,insert,20000,6177104,142068,308.855200,7.103400
3,observer,insert,20000,6154360,142059,307.718000,7.102950
3,off,remove,20000,45114512,23736,2255.725600,1.186800
3,listener,remove,20000,58463864,209867,2923.193200,10.493350
3,observer,remove,20000,45099816,23721,2254.990800,1.186050
3,off,insert,20000,6137784,142051,306.889200,7.102550
3,listener,insert,20000,13607016,208437,680.350800,10.421850
4,off,remove,20000,45099792,23720,2254.989600,1.186000
4,listener,remove,20000,58477368,209875,2923.868400,10.493750
4,observer,remove,20000,45114416,23732,2255.720800,1.186600
4,off,insert,20000,6156432,142060,307.821600,7.103000
4,listener,insert,20000,13620784,208456,681.039200,10.422800
4,observer,insert,20000,6158480,142060,307.924000,7.103000
5,listener,remove,20000,58463936,209870,2923.196800,10.493500
5,observer,remove,20000,45091168,23702,2254.558400,1.185100
5,off,insert,20000,6166792,142065,308.339600,7.103250
5,listener,insert,20000,13609328,208448,680.466400,10.422400
5,observer,insert,20000,6164720,142064,308.236000,7.103200
5,off,remove,20000,45095504,23712,2254.775200,1.185600
